tempId,theType,teName,startTime,endTime,backup,reqNum,res
99381.0,1,测试名,20110901.0,20210101.0,abcdedf,1399212.0,0
99381.0,1,测试名,20110901.0,20210101.0,null,1399212.0,0
99381.0,1,myrio,20110901.0,20210101.0,abcdedf,1399212.0,0
99381.0,1,myrio,20110901.0,20210101.0,null,1399212.0,0
99381.0,2,测试名,20110901.0,20210101.0,abcdedf,1399212.0,0
99381.0,2,测试名,20110901.0,20210101.0,null,1399212.0,0
99381.0,2,myrio,20110901.0,20210101.0,abcdedf,1399212.0,0
99381.0,2,myrio,20110901.0,20210101.0,null,1399212.0,0
99381.0,3,测试名,20110901.0,20210101.0,abcdedf,1399212.0,0
99381.0,3,测试名,20110901.0,20210101.0,null,1399212.0,0
99381.0,3,myrio,20110901.0,20210101.0,abcdedf,1399212.0,0
99381.0,3,myrio,20110901.0,20210101.0,null,1399212.0,0
null,3,myrio,20110901.0,20210101.0,null,1399212.0,1
99381.0,ajdjad,myrio,20110901.0,20210101.0,null,1399212.0,1
99381.0,3,中文,20110901.0,20210101.0,null,1399212.0,1
0,3,myrio,20110901.0,20210101.0,null,1399212.0,1
99381.0,4,myrio,20110901.0,20210101.0,null,1399212.0,1
99381.0,3,null,20110901.0,20210101.0,null,1399212.0,1
99381.0,3,myrio,a,20210101.0,null,1399212.0,1
null,3,myrio,20110901.0,20210101.0,null,1399212.0,1
99381.0,333,myrio,20110901.0,20210101.0,null,1399212.0,1
文字,3,myrio,20110901.0,20210101.0,null,1399212.0,1
99381.0,abcd,myrio,20110901.0,20210101.0,null,1399212.0,1
99381.0,3,null,20110901.0,20210101.0,null,1399212.0,1
文字,3,myrio,20110901.0,20210101.0,null,1399212.0,1
99381.0,abcd,myrio,20110901.0,20210101.0,null,1399212.0,1
99381.0,3,null,20110901.0,20210101.0,null,1399212.0,1
1023456789.0,3,myrio,20110901.0,20210101.0,null,1399212.0,1
null,3,myrio,20110901.0,20210101.0,null,1399212.0,1
99381.0,1234567890,myrio,20110901.0,20210101.0,null,1399212.0,1
99381.0,3,-1,20110901.0,20210101.0,null,1399212.0,1
99381.0,3,myrio,abc,20210101.0,null,1399212.0,1
